Mean,Std,Weight0,Weight1,Weight2,Weight3,Weight4,Weight5,Weight6,Weight7,Weight8
-0.4271531824961486,5.224725284064634,-0.14838174665184162,-0.25110010657766224,0.2009936742621376,0.1309769384629253,-0.034103777433658417,-0.24434203125359966,-0.15524215344485326,0.12459278580592782,0.11627972937575652
1.207533811414376,5.220845290851207,-0.19687256011504653,0.20860586685575433,0.13493088477082452,0.08396969878002837,0.27707766761129615,0.2100788798814455,0.2985713690114518,0.07023775504632124,0.07589929574184787
3.1842358559882427,4.1229585775060915,-0.26410822618938395,-0.11947255341008504,-0.16477279275270446,0.07167152786735519,-0.1442517842846484,0.15741726355345353,-0.07204714359511845,-0.262738282152661,-0.2672173788640892
-243.28702509919182,8.767509582084132,-0.28371659027663193,0.1625421334834225,-0.17139983301870093,-0.2858572370819707,-0.09802733420507372,-0.12093454710925781,-0.06986530254364227,0.06673357546226738,0.07405578188496108
495.2300057584331,106.54316929017322,
-221.67700966685945,486.8242199515736,
3.030485816897406,4.414295794532111,
1030.3109360083727,43.728418626575056,
