Mean,Std,Weight0,Weight1,Weight2,Weight3,Weight4,Weight5,Weight6,Weight7,Weight8
-0.4271531824961486,5.224725284064634,-0.0015413092618962096,-0.002098961239111608,0.001861704750825421,0.001125783525063681,-0.0002462238353245354,-0.002107211126689805,-0.0015291046608881754,0.0008908924215237408,0.001076320646160967
1.207533811414376,5.220845290851207,-0.001761946173943038,0.0018942192720296219,0.0012317688626891144,0.0007495970488292201,0.002537841951246685,0.0021893124195504626,0.0029230587317294575,0.0003226560750819912,0.0005095516032318652
3.1842358559882427,4.1229585775060915,-0.001763503289120448,-0.0016828557475053046,-0.001861039030187861,0.0007183360128016103,-0.0019941342187992624,0.0014498580286420352,-0.0012568984446096165,-0.0030319363919373223,-0.0031236184287985686
-243.28702509919182,8.767509582084132,-0.002421771877412276,0.0010037412557095781,-0.0021284879798034615,-0.0026473843646190095,-0.0015715542042773717,-0.0010996434771146945,-0.0010989071098361264,-7.841964716688606e-05,-0.0002745387803473469
495.2300057584331,106.54316929017322,,,,,,,,,
-221.67700966685945,486.8242199515736,,,,,,,,,
3.030485816897406,4.414295794532111,,,,,,,,,
1030.3109360083727,43.728418626575056,,,,,,,,,
